{"skeleton":{"hash":"hu9ixrcNgvw","spine":"4.1.24","x":-227,"y":-43,"width":386.05,"height":410.42,"images":"","audio":"D:/트릭컬 리소스/minimi/refine/model/sizeup"},"bones":[{"name":"root"},{"name":"Pelvis","parent":"root","length":40,"rotation":90,"y":85},{"name":"R_Thigh","parent":"Pelvis","length":35,"rotation":180,"x":-14,"y":24},{"name":"L_Thigh","parent":"Pelvis","length":35,"rotation":180,"x":-14,"y":-24},{"name":"spine","parent":"Pelvis","length":40,"x":40},{"name":"Upper","parent":"spine","length":10,"x":40},{"name":"L_Arm","parent":"Upper","length":37.5,"rotation":-90,"x":-5,"y":-22},{"name":"R_Arm","parent":"Upper","length":37.5,"rotation":90,"x":-5,"y":22},{"name":"L_Forearm","parent":"L_Arm","length":37.5,"x":37.5},{"name":"R_Forearm","parent":"R_Arm","length":37.5,"x":37.5},{"name":"Neck","parent":"Upper","length":20,"x":10},{"name":"Head","parent":"Neck","length":80,"x":20},{"name":"L_Calf","parent":"L_Thigh","length":35,"x":35},{"name":"R_Calf","parent":"R_Thigh","length":35,"x":35},{"name":"stringshot","parent":"root","length":52.75,"rotation":90,"x":-182,"y":90},{"name":"string_2","parent":"stringshot","length":36,"x":83,"y":12.5},{"name":"string_1","parent":"stringshot","length":36,"x":83,"y":-14.5},{"name":"bone3","parent":"string_1","length":36,"x":36},{"name":"bone4","parent":"string_2","length":36,"x":36},{"name":"tail_1","parent":"Pelvis","length":40,"rotation":-120,"x":3.27,"y":-35.85},{"name":"tail_2","parent":"tail_1","length":40,"rotation":20,"x":40}],"slots":[{"name":"skel_ear2","bone":"root","attachment":"skel_ear"},{"name":"skel_ahoge","bone":"root","attachment":"skel_ahoge"},{"name":"skel_hair_back","bone":"root","attachment":"skel_hair_back"},{"name":"skel_tail","bone":"tail_1","attachment":"skel_tail"},{"name":"skel_hair_5","bone":"root","attachment":"skel_hair_5"},{"name":"skel_neck","bone":"Neck","attachment":"skel_neck"},{"name":"skel_leg_joint","bone":"R_Thigh","attachment":"skel_leg_joint"},{"name":"skel_leg_calf","bone":"R_Calf","attachment":"skel_leg_calf"},{"name":"skel_leg_thigh","bone":"R_Thigh","attachment":"skel_leg_thigh"},{"name":"skel_leg_joint2","bone":"L_Thigh","attachment":"skel_leg_joint"},{"name":"skel_leg_calf2","bone":"L_Calf","attachment":"skel_leg_calf"},{"name":"skel_leg_thigh2","bone":"L_Thigh","attachment":"skel_leg_thigh"},{"name":"skel_arm_joint2","bone":"R_Arm","attachment":"skel_arm_joint"},{"name":"skel_arm_forearm2","bone":"R_Forearm","attachment":"skel_arm_forearm"},{"name":"skel_arm_upper2","bone":"R_Arm","attachment":"skel_arm_upper"},{"name":"skel_body","bone":"spine","attachment":"skel_body"},{"name":"skel_head","bone":"Head","attachment":"skel_head"},{"name":"skel_cloth","bone":"root","attachment":"skel_cloth"},{"name":"skel_ribbon2","bone":"root","attachment":"skel_ribbon"},{"name":"skel_side_bag_ear2","bone":"root","attachment":"skel_side_bag_ear"},{"name":"skel_side_bag","bone":"root","attachment":"skel_side_bag"},{"name":"skel_side_bag_ear","bone":"root","attachment":"skel_side_bag_ear"},{"name":"skel_arm_joint","bone":"L_Arm","attachment":"skel_arm_joint"},{"name":"skel_arm_forearm","bone":"L_Forearm","attachment":"skel_arm_forearm"},{"name":"skel_arm_upper","bone":"L_Arm","attachment":"skel_arm_upper"},{"name":"skel_hair_3","bone":"root","attachment":"skel_hair_3"},{"name":"skel_flush2","bone":"root","attachment":"skel_flush"},{"name":"skel_hair_4","bone":"root","attachment":"skel_hair_4"},{"name":"skel_hair_2","bone":"root","attachment":"skel_hair_2"},{"name":"skel_hair_1","bone":"root","attachment":"skel_hair_1"},{"name":"skel_face","bone":"root","attachment":"skel_face"},{"name":"skel_flush","bone":"root","attachment":"skel_flush"},{"name":"skel_ear","bone":"root","attachment":"skel_ear"},{"name":"skel_bell","bone":"root","attachment":"skel_bell"},{"name":"skel_ribbon","bone":"root","attachment":"skel_ribbon"},{"name":"skel_ribbon3","bone":"root","attachment":"skel_ribbon"},{"name":"skel_stringshot","bone":"stringshot","attachment":"skel_stringshot"},{"name":"skel_string2","bone":"string_2","attachment":"skel_string2"},{"name":"skel_string1","bone":"string_1","attachment":"skel_string"}],"skins":[{"name":"default","attachments":{"skel_ahoge":{"skel_ahoge":{"x":11.34,"y":325.42,"width":88,"height":84}},"skel_arm_forearm":{"skel_arm_forearm":{"x":25,"rotation":90,"width":78,"height":104}},"skel_arm_forearm2":{"skel_arm_forearm":{"path":"skel_arm_forearm_R","x":25.98,"rotation":90,"width":78,"height":104}},"skel_arm_joint":{"skel_arm_joint":{"x":37.5,"rotation":90,"width":78,"height":78}},"skel_arm_joint2":{"skel_arm_joint":{"x":38.48,"rotation":90,"width":78,"height":78}},"skel_arm_upper":{"skel_arm_upper":{"x":12.5,"rotation":90,"width":86,"height":104}},"skel_arm_upper2":{"skel_arm_upper":{"x":13.48,"rotation":90,"width":86,"height":104}},"skel_bell":{"skel_bell":{"x":0.82,"y":172,"width":66,"height":66}},"skel_body":{"skel_body":{"x":-2,"rotation":-90,"width":146,"height":162}},"skel_cloth":{"skel_cloth":{"y":126.38,"width":154,"height":170}},"skel_ear":{"skel_ear":{"x":83.55,"y":260.99,"width":148,"height":164}},"skel_ear2":{"skel_ear":{"x":-74.74,"y":267.99,"scaleX":-1,"width":148,"height":164}},"skel_face":{"skel_face":{"x":-3.35,"y":219.46,"width":124,"height":98}},"skel_flush":{"skel_flush":{"x":-45.19,"y":204.43,"width":104,"height":96}},"skel_flush2":{"skel_flush":{"x":38.33,"y":204.43,"width":104,"height":96}},"skel_hair_1":{"skel_hair_1":{"x":1.25,"y":268.22,"width":200,"height":128}},"skel_hair_2":{"skel_hair_2":{"x":48.39,"y":226.66,"width":120,"height":122}},"skel_hair_3":{"skel_hair_3":{"x":61.13,"y":217.85,"width":128,"height":192}},"skel_hair_4":{"skel_hair_4":{"x":-69.35,"y":243.44,"width":102,"height":128}},"skel_hair_5":{"skel_hair_5":{"x":-82.78,"y":225.48,"width":142,"height":188}},"skel_hair_back":{"skel_hair_back":{"x":5.05,"y":178.34,"width":308,"height":348}},"skel_head":{"skel_head":{"type":"mesh","uvs":[1,1,0,1,0,0,1,0],"triangles":[1,2,3,1,3,0],"vertices":[-41.9,-101.4,-41.9,101.4,121.9,101.4,121.9,-101.4],"hull":4,"edges":[0,2,2,4,4,6,0,6],"width":206,"height":176}},"skel_leg_calf":{"skel_leg_calf":{"x":18,"rotation":90,"width":110,"height":122}},"skel_leg_calf2":{"skel_leg_calf":{"x":18,"rotation":90,"width":110,"height":122}},"skel_leg_joint":{"skel_leg_joint":{"x":33,"y":-1,"rotation":90,"width":88,"height":88}},"skel_leg_joint2":{"skel_leg_joint":{"x":33,"y":-1,"rotation":90,"width":88,"height":88}},"skel_leg_thigh":{"skel_leg_thigh":{"x":9,"rotation":90,"width":120,"height":126}},"skel_leg_thigh2":{"skel_leg_thigh":{"x":9,"rotation":90,"width":120,"height":126}},"skel_neck":{"skel_neck":{"x":8,"y":-3,"rotation":-90,"width":76,"height":92}},"skel_ribbon":{"skel_ribbon":{"x":81.81,"y":287.87,"width":112,"height":82}},"skel_ribbon2":{"skel_ribbon":{"x":-2.77,"y":142.29,"width":112,"height":82}},"skel_ribbon3":{"skel_ribbon":{"x":-5.08,"y":298.5,"width":112,"height":82}},"skel_side_bag":{"skel_side_bag":{"x":19.97,"y":116.76,"width":158,"height":192}},"skel_side_bag_ear":{"skel_side_bag_ear":{"x":13.73,"y":94,"width":88,"height":82}},"skel_side_bag_ear2":{"skel_side_bag_ear":{"x":55.69,"y":98.45,"scaleX":-1,"width":88,"height":82}},"skel_string1":{"skel_string":{"x":37,"y":0.5,"width":132,"height":59}},"skel_string2":{"skel_string2":{"path":"skel_string","x":37,"y":0.5,"width":132,"height":59}},"skel_stringshot":{"skel_stringshot":{"x":45,"y":-2,"rotation":-90,"width":94,"height":154}},"skel_tail":{"skel_tail":{"x":47.37,"y":6.26,"rotation":30,"width":152,"height":114}}}}],"animations":{"animation":{"bones":{"root":{"rotate":[{},{"time":2,"value":360}]},"Pelvis":{"rotate":[{},{"time":2,"value":270}]},"R_Thigh":{"rotate":[{},{"time":2,"value":180}]},"L_Thigh":{"rotate":[{},{"time":2,"value":180}]},"spine":{"rotate":[{},{"time":2,"value":360}]},"Upper":{"rotate":[{},{"time":2,"value":360}]},"L_Arm":{"rotate":[{},{"time":2,"value":510}]},"R_Arm":{"rotate":[{},{"time":2,"value":210}]},"L_Forearm":{"rotate":[{},{"time":2,"value":360}],"translate":[{"time":2,"x":214.32}]},"R_Forearm":{"rotate":[{},{"time":2,"value":360}]},"Neck":{"rotate":[{},{"time":2,"value":360}]},"Head":{"rotate":[{},{"time":2,"value":360}],"translate":[{"time":2,"x":504.22}]},"L_Calf":{"rotate":[{},{"time":2,"value":360}]},"R_Calf":{"rotate":[{},{"time":2,"value":360}]}}}}}